-- MySQL dump 10.13  Distrib 8.0.22, for macos10.15 (x86_64)
--
-- Host: localhost    Database: baby_care
-- ------------------------------------------------------
-- Server version	8.0.23

/*!40101 SET @OLD_CHARACTER_SET_CLIENT=@@CHARACTER_SET_CLIENT */;
/*!40101 SET @OLD_CHARACTER_SET_RESULTS=@@CHARACTER_SET_RESULTS */;
/*!40101 SET @OLD_COLLATION_CONNECTION=@@COLLATION_CONNECTION */;
/*!50503 SET NAMES utf8 */;
/*!40103 SET @OLD_TIME_ZONE=@@TIME_ZONE */;
/*!40103 SET TIME_ZONE='+00:00' */;
/*!40014 SET @OLD_UNIQUE_CHECKS=@@UNIQUE_CHECKS, UNIQUE_CHECKS=0 */;
/*!40014 SET @OLD_FOREIGN_KEY_CHECKS=@@FOREIGN_KEY_CHECKS, FOREIGN_KEY_CHECKS=0 */;
/*!40101 SET @OLD_SQL_MODE=@@SQL_MODE, SQL_MODE='NO_AUTO_VALUE_ON_ZERO' */;
/*!40111 SET @OLD_SQL_NOTES=@@SQL_NOTES, SQL_NOTES=0 */;

--
-- Table structure for table `baby_activity`
--

DROP TABLE IF EXISTS `baby_activity`;
/*!40101 SET @saved_cs_client     = @@character_set_client */;
/*!50503 SET character_set_client = utf8mb4 */;
CREATE TABLE `baby_activity` (
  `id` int NOT NULL AUTO_INCREMENT,
  `baby_id` int NOT NULL,
  `feeds` varchar(200) NOT NULL,
  `diaper` varchar(200) NOT NULL,
  `tummy` varchar(200) NOT NULL,
  `words` varchar(200) NOT NULL,
  `createdat` date NOT NULL,
  PRIMARY KEY (`id`)
) ENGINE=InnoDB DEFAULT CHARSET=utf8mb4 COLLATE=utf8mb4_0900_ai_ci;
/*!40101 SET character_set_client = @saved_cs_client */;

--
-- Dumping data for table `baby_activity`
--

LOCK TABLES `baby_activity` WRITE;
/*!40000 ALTER TABLE `baby_activity` DISABLE KEYS */;
/*!40000 ALTER TABLE `baby_activity` ENABLE KEYS */;
UNLOCK TABLES;

--
-- Table structure for table `baby_details`
--

DROP TABLE IF EXISTS `baby_details`;
/*!40101 SET @saved_cs_client     = @@character_set_client */;
/*!50503 SET character_set_client = utf8mb4 */;
CREATE TABLE `baby_details` (
  `baby_id` int NOT NULL AUTO_INCREMENT,
  `user_id` int NOT NULL,
  `baby_name` varchar(255) NOT NULL,
  `age` varchar(255) NOT NULL,
  `gender` varchar(50) NOT NULL,
  `height` varchar(155) NOT NULL,
  `weight` varchar(155) NOT NULL,
  PRIMARY KEY (`baby_id`)
) ENGINE=InnoDB DEFAULT CHARSET=utf8mb4 COLLATE=utf8mb4_0900_ai_ci;
/*!40101 SET character_set_client = @saved_cs_client */;

--
-- Dumping data for table `baby_details`
--

LOCK TABLES `baby_details` WRITE;
/*!40000 ALTER TABLE `baby_details` DISABLE KEYS */;
/*!40000 ALTER TABLE `baby_details` ENABLE KEYS */;
UNLOCK TABLES;

--
-- Table structure for table `books`
--

DROP TABLE IF EXISTS `books`;
/*!40101 SET @saved_cs_client     = @@character_set_client */;
/*!50503 SET character_set_client = utf8mb4 */;
CREATE TABLE `books` (
  `book_id` int NOT NULL AUTO_INCREMENT,
  `title` varchar(100) NOT NULL,
  `description` text NOT NULL,
  `author` varchar(100) NOT NULL,
  `image` varchar(50) NOT NULL,
  `price` varchar(10) NOT NULL,
  `buy_link` text NOT NULL,
  PRIMARY KEY (`book_id`)
) ENGINE=InnoDB AUTO_INCREMENT=18 DEFAULT CHARSET=utf8mb4 COLLATE=utf8mb4_0900_ai_ci;
/*!40101 SET character_set_client = @saved_cs_client */;

--
-- Dumping data for table `books`
--

LOCK TABLES `books` WRITE;
/*!40000 ALTER TABLE `books` DISABLE KEYS */;
INSERT INTO `books` VALUES (2,'Baby Care Basics','Written by leading pediatric experts in a friendly, easy-to-understand style, Baby Care Basics offers a comprehensive guide to help parents make the right choices for that new baby.It covers all the essential topics from a baby\'s birth, first few days, growth, development, breast-and formula-feeding, introducing solid food, to sleeping through the night and much, much more.',' Dr. Jeremy Friedman','baby_care.jpg','$15.35','https://www.amazon.ca/Basics-Jeremy-Friedman-MB-ChB-FRCPC/dp/0778805190/ref=sr_1_3?dchild=1&keywords=Baby+Book+care&qid=1616639446&sr=8-3'),(3,'The Canadian Medical Association: Complete Book of Mother & Baby Care','Authoritative, reassuring and down-to-earth, this highly practical handbook is an indispensable guide to the challenges of pregnancy and birth, the complexity of baby care and the proper maintenance of health for both mother and child.It includes latest information on childhood illnesses ranging from measles to meningitis is carefully outlined together with advice on when to call a doctor. ','Younger Catherine Lewis','mother.jpg','$15.16','https://www.amazon.ca/Complete-Book-Mother-Baby-Care/dp/1553630866/ref=pd_vtp_2?pd_rd_w=5ZHny&pf_rd_p=42ad2502-0d93-40f9-bcf4-49a0657bb461&pf_rd_r=A990MZ122CEVC0G2R387&pd_rd_r=8fc288bb-9fb4-4cb1-9ee9-0adf255c2880&pd_rd_wg=Mjj1J&pd_rd_i=1553630866&psc=1'),(4,'Baby’s First-Year Milestones','The book will help you in taking the guesswork out of parenting and become a pro.Learn the coping techniques necessary now before you’re too stressed to figure it out when you actually need them. By being ahead of the game, you’ll know just how you should handle tough situations without hesitation.','Harley Carr','first.jpg','$19.98','https://www.amazon.ca/gp/product/B084C2VVDL/ref=dbs_a_def_rwt_hsch_vapi_tkin_p1_i1'),(5,'Parenting Baby','Emily Jeffers is a pediatric nurse and mother of three. She has more than fifteen years of experience in giving help and support to new parents and their babies. During her career, she has recognized certain issues that bother all new parents. This parenting guide is to help answer the most common questions and give encouragement to parents at the beginning of the most important journey of their lives. ','Emily Jeffers','parenting.jpeg','$7.95','https://www.amazon.ca/s?i=digital-text&rh=p_27%3AEmily+Jeffers&s=relevancerank&text=Emily+Jeffers&ref=dp_byline_sr_ebooks_1'),(6,'Toddler Parenting','The book talks about positive parenting and provides you with all the right tools you need to raise a happy, confident, and well-behaved child. Positive parenting is a simple concept that focuses on positive discipline. Remember, there are no bad children; it all boils down to behaviors.','Meryl Kaufman','toddler.jpeg','$9.99','https://www.amazon.ca/Toddler-Parenting-Discipline-Self-Esteem-Including-ebook/dp/B08JH82GSL/ref=sr_1_4?dchild=1&qid=1616987145&refinements=p_27%3AMeryl+Kaufman&s=digital-text&sr=1-4&text=Meryl+Kaufman'),(7,'From Birth To First Words','This book offers easy, language-boosting activities you can do at home with your baby for each week of their first year. No special toys. No extra time. No stress!.The types of experiences you provide them with, how often you talk to them and the quality of talk you provide, all shapes how fast and how well your baby will develop language skills. ','Lynn Carson S-LP','birth.jpg','$23.57','https://www.amazon.ca/Lynn-Carson-S-LP/e/B07ZK2X654/ref=dp_byline_cont_pop_book_1'),(8,'Pregnancy, Childbirth, and the Newborn: The Complete Guide','Parents love this book because it puts them in control; experts love it because it\'s based on the latest medical research and recommendations from leading health organizations. Pregnancy, Childbirth, and the Newborn provides the information and guidance you need to make informed decisions about having a safe and satisfying pregnancy, birth, and postpartum period--decisions that reflect your preferences, priorities, and values.','Penny Simkin','new.jpeg','$24.00','https://www.amazon.ca/gp/product/B079L64ZT8/ref=dbs_a_def_rwt_hsch_vapi_tkin_p1_i0'),(9,'Cribsheet','Armed with the data, Oster finds that the conventional wisdom doesn\'t always hold up. She debunks myths around breastfeeding (not a panacea), sleep training (not so bad!), potty training (wait until they\'re ready or possibly bribe with M&Ms), language acquisition (early talkers aren\'t necessarily geniuses), and many other topics.','Emily Oster','crib.jpeg','$26.91','https://www.amazon.ca/gp/product/B07FZPTDJ3/ref=dbs_a_def_rwt_hsch_vapi_tkin_p1_i1'),(10,'Healthy Sleep Habits, Happy Child','In this fully updated fourth edition, Dr. Marc Weissbluth, one of the country’s leading pediatricians, overhauls his groundbreaking approach to solving and preventing your children’s sleep problems, from infancy through adolescence. In Healthy Sleep Habits, Happy Child, he explains with authority and reassurance his step-by-step regime for instituting beneficial habits within the framework of your child’s natural sleep cycles.','Marc Weissbluth M.D.','sleep.jpeg','$34.52','https://www.amazon.ca/gp/product/B015VACHBS/ref=dbs_a_def_rwt_hsch_vapi_tkin_p1_i0'),(11,'The Whole-Brain Child','In this pioneering, practical book, Daniel J. Siegel, neuropsychiatrist and author of the bestselling Mindsight, and parenting expert Tina Payne Bryson offer a revolutionary approach to child rearing with twelve key strategies that foster healthy brain development, leading to calmer, happier children. The authors explain—and make accessible—the new science of how a child’s brain is wired and how it matures.','Daniel J. Siegel','whole.jpg','$15.99','https://www.amazon.ca/gp/product/B004J4X32U/ref=dbs_a_def_rwt_hsch_vapi_tkin_p1_i0'),(12,'Unfudge Yourself: A Parent’s Guide to Happiness','Debuting as a #1 Best Seller, Unfudge Yourself outlines 10 simple principles to greater happiness and fulfillment in life - a must-read for every parent and parent-to-be trying to thrive in a world of increasing stress and negativity.',' Linsey Nogueira Flannery','undo.jpeg','$12.99','https://www.amazon.ca/gp/product/B0875RHX5Y/ref=dbs_a_def_rwt_hsch_vapi_tkin_p1_i0'),(13,'The Pediatrician\'s Guide to Feeding Babies and Toddlers','The choices of when, how, and what to feed your baby can be overwhelming. With The Pediatrician’s Guide to Feeding Babies and Toddlers, you have the expertise of a team of pediatric medical and nutritional experts—who also happen to be parents—in a comprehensive manual that takes the guesswork out of feeding.','Dina DiMaggio M.D.','best.jpeg','$24.74','https://www.amazon.ca/gp/product/B011G3I67S/ref=dbs_a_def_rwt_hsch_vapi_tkin_p1_i0'),(14,'Baby-Led Weaning','Ten years ago, Baby-Led Weaning ended the myth that babies need to be spoon-fed purées. In fact, at about six months, most babies are ready to discover solid food for themselves. Today, baby-led weaning (BLW) is a global phenomenon—and this tenth anniversary edition of the definitive guide explains all its benefits:','Gill Rapley','led.jpeg','$21','https://www.amazon.ca/gp/product/B07H3GS91K/ref=dbs_a_def_rwt_hsch_vapi_tkin_p1_i0'),(15,'Your Baby Week By Week',' This updated edition of Your Baby Week by Week explains the changes that your baby will go through in their first six months. Each chapter covers a week of their development so you’ll know when your baby will start to recognize you, when they’ll smile and laugh for the first time and even when they’ll be old enough to prefer some people to others!','Simone Cave','week.jpeg','$28.34','https://www.amazon.ca/gp/product/B007AGAUT8/ref=dbs_a_def_rwt_hsch_vapi_tkin_p1_i0'),(16,'The New Contented Little Baby Book','Baby expert Gina Ford comes to the rescue with her newly revised hour-by-hour, week-by-week guide. One of Great Britain’s top parenting experts, she draws on more than twenty years of experience researching and studying the natural sleep rhythms and feeding patterns of babies to ease the stresses and worries of new parents.','Gina Ford ','calm.jpeg','$21.28','https://www.amazon.ca/gp/product/B008U4B3TK/ref=dbs_a_def_rwt_hsch_vapi_tkin_p1_i0#customerReviews');
/*!40000 ALTER TABLE `books` ENABLE KEYS */;
UNLOCK TABLES;

--
-- Table structure for table `recipe_actions`
--

DROP TABLE IF EXISTS `recipe_actions`;
/*!40101 SET @saved_cs_client     = @@character_set_client */;
/*!50503 SET character_set_client = utf8mb4 */;
CREATE TABLE `recipe_actions` (
  `id` int NOT NULL AUTO_INCREMENT,
  `action_type` varchar(45) NOT NULL,
  `user_id` int NOT NULL,
  `recipe_id` int NOT NULL,
  `comment` text,
  PRIMARY KEY (`id`)
) ENGINE=InnoDB DEFAULT CHARSET=utf8mb4 COLLATE=utf8mb4_0900_ai_ci;
/*!40101 SET character_set_client = @saved_cs_client */;

--
-- Dumping data for table `recipe_actions`
--

LOCK TABLES `recipe_actions` WRITE;
/*!40000 ALTER TABLE `recipe_actions` DISABLE KEYS */;
/*!40000 ALTER TABLE `recipe_actions` ENABLE KEYS */;
UNLOCK TABLES;

--
-- Table structure for table `recipe_category`
--

DROP TABLE IF EXISTS `recipe_category`;
/*!40101 SET @saved_cs_client     = @@character_set_client */;
/*!50503 SET character_set_client = utf8mb4 */;
CREATE TABLE `recipe_category` (
  `id` int NOT NULL AUTO_INCREMENT,
  `name` varchar(100) NOT NULL,
  `status` enum('0','1') NOT NULL DEFAULT '1',
  PRIMARY KEY (`id`)
) ENGINE=InnoDB AUTO_INCREMENT=10 DEFAULT CHARSET=utf8mb4 COLLATE=utf8mb4_0900_ai_ci;
/*!40101 SET character_set_client = @saved_cs_client */;

--
-- Dumping data for table `recipe_category`
--

LOCK TABLES `recipe_category` WRITE;
/*!40000 ALTER TABLE `recipe_category` DISABLE KEYS */;
INSERT INTO `recipe_category` VALUES (1,'Puree','1'),(2,'Porridge','1'),(3,'Soup','1'),(4,'Rice','1'),(8,'Finger Food','1'),(9,'Meal Ideas','1');
/*!40000 ALTER TABLE `recipe_category` ENABLE KEYS */;
UNLOCK TABLES;

--
-- Table structure for table `recipes`
--

DROP TABLE IF EXISTS `recipes`;
/*!40101 SET @saved_cs_client     = @@character_set_client */;
/*!50503 SET character_set_client = utf8mb4 */;
CREATE TABLE `recipes` (
  `recipe_id` int NOT NULL AUTO_INCREMENT,
  `category_id` int DEFAULT NULL,
  `name` varchar(45) NOT NULL,
  `description` text NOT NULL,
  `image` varchar(45) NOT NULL,
  `ingredients` longtext CHARACTER SET utf8mb4 COLLATE utf8mb4_bin NOT NULL,
  `instructions` longtext CHARACTER SET utf8mb4 COLLATE utf8mb4_bin NOT NULL,
  PRIMARY KEY (`recipe_id`)
) ENGINE=InnoDB AUTO_INCREMENT=46 DEFAULT CHARSET=utf8mb4 COLLATE=utf8mb4_0900_ai_ci;
/*!40101 SET character_set_client = @saved_cs_client */;

--
-- Dumping data for table `recipes`
--

LOCK TABLES `recipes` WRITE;
/*!40000 ALTER TABLE `recipes` DISABLE KEYS */;
INSERT INTO `recipes` VALUES (1,1,'Sweet Potato Apple Puree for Babies','Natural and healthy steamed puree for babies with apple and sweet potato','sweetPotatoApple.jpeg','[{\"1\":\"Apple- 1 medium\",\"2\":\"Sweet Potato- 1 small sized\",\"3\":\"water - as needed\"}]','[{\"1\":\"Wash apple and sweet potato in running water well. Then peel the skin off from apple and sweet potato with a peeler. Then chop them into equal size small cubes. Steam the chopped apple & sweet potato pieces in a steamer for 10 minutes. You can steam it with Idli steamer plate by adding a cup of water or pressure cook it with a cup of water for two whistles.\",\"2\":\"Once the apple & sweet potato are steamed, it will be soft and transparent. Now blend it with little water to a smooth paste in a blender.\"}]'),(2,1,'Carrot Beetroot Potato Puree for Babies','Carrot beetroot potato puree is a creamy healthy puree and makes a wholesome meal for babies. The ideal age to introduce potato and beetroot in babies is between 8 to 10 months of age','carrotBeetPotato.jpeg','[{\"1\":\"Carrot - 1 medium sized\",\"2\":\"Beetroot - 1/2 of the small sized beetroot\",\"3\":\"Potato - 1 medium sized\",\"4\":\"Water - as needed\"}]','[{\"1\":\"Wash carrot, beetroot and potato in running water well. Then peel the skin off from carrot , beetroot and potato with a peeler. Then chop them into equal size small cubes. Steam the chopped potato, beetroot & carrot pieces in a steamer for 15 minutes.You can steam it with Idli steamer plate by adding a cup of water or pressure cook it with a cup of water for 2 whistles.\",\"2\":\"Once the carrot, beetroot & potato are steamed, it will be soft and transparent. Now blend it with little water to a smooth paste in a blender\"}]'),(3,1,'Banana Puree for Babies','Banana Puree for babies is rich in nutrients and helps in healthy weight gain in babies','bananaPuree.jpeg','[{\"1\":\"Banana - 1 small sized\",\"2\":\"Breastmilk/Formula Milk/Water - 1 tbsp\"}]','[{\"1\":\"Peel the banana, trim the ends with a knife.\', \'Then cut them into small circles and place the banana pieces into a big bowl. Mash the bananas well (without any chunks) with a fork or masher.\",\"2\":\"Add breastmilk/formula milk/ water. Mix well until you get a creamy mash. Alternatively, you can puree the bananas in a mixie/blender with milk to get a fine puree.\"}]'),(4,1,'Pumpkin Puree','Pumpkins are loaded with vitamin A and beta-carotene, also high in protein & iron! This pumpkin puree is good to start with when you introduce pumpkin to baby for the first time. Babies will love it for sweetness.','pumpkinPuree.jpeg','[{\"1\":\"Pumpkin - 1/2 cup chopped\",\"2\":\"Water - as needed\"}]','[{\"1\":\"Wash pumpkin in running water well. Then peel the skin off from the pumpkin with a peeler and remove the seeds. Then chop them into equal size small cubes. Steam the cubed pumpkin pieces in a steamer for 15 minutes. Once the pumpkins are steamed, it will be soft and transparent. Now blend it with little water to a smooth paste in a blender.\",\"2\":\"Healthy and sweet pumpkin puree is ready to feed your baby.\"}]'),(5,1,'Sweet Potato Puree','Sweet potato Puree for babies - easy and healthy puree/mash for babies and toddlers. Sweet potatoes is a versatile vegetable which is one of the great first food for babies because of its soft & creamy texture, delicious taste and less allergenic nature.','sweetPot.jpeg','[{\"1\":\"Sweet potato  - 1 medium sized\",\"2\":\"Butter/ Homemade Ghee - 1 tsp\",\"3\":\"Cardamom powder - 1/8 tsp optional\"}]','[{\"1\":\"Wash the sweet potatoes thoroughly in running water. Then cut them into 2-3 pieces depends on its size.\",\"2\":\"Then pressure cook sweet potatoes with enough water for 2-3 whistles. Open the cooker once pressure released . Alternatively you can steam cook/bake the sweet potatoes too\",\"3\":\"Peel the skin with your hand when its warm to touch.Heat ghee in a pan and add mashed sweet potatoes along with cardamom powder (if using) to the same pan and fry them for two minutes in low medium flame.\",\"4\":\"Switch off the flame once the sweet potato mash is mixed well with ghee. Cool it down and serve warm. Adjust the consistency by adding water\"}]'),(6,1,'Apple Puree','Apple Puree loaded with nutrition and fiber.','applePuree.jpeg','[{\"1\":\"Apple - 1 medium sized\",\"2\":\"Water - as needed\"}]','[{\"1\":\"Wash apple in running water well. Peel the skin off from the apple with a peeler. Remove the seeds in the centre part after cutting the Apple vertically into two pieces. Then chop them into equal size small cubes.\",\"2\":\"Steam chopped apple pieces in a steamer for 5 minutes\",\"3\":\"Once the apple is steamed, it will be soft and transparent. Now blend it with little water to a smooth paste in a blender\"}]'),(7,1,'Broccoli Potato Puree','Broccoli is a wonderful vegetable that contains a high amount of vitamin C and loads of fiber. Fiber-rich foods are known to cure constipation in babies','broccoliPuree.jpeg','[{\"1\":\"Broccoli - 10 florets\",\"2\":\"Potato - 1 small sized\",\"3\":\"Water - as needed\"}]','[{\"1\":\"Wash broccoli and potato in running water well. Take the florets from broccoli and keep it immersed in hot water for 5 minutes to remove the worms, if any. In the meantime, peel the skin off from the potato with a peeler. Then chop them into equal size small cubes. Steam the broccoli florets & potato pieces in a steamer for 15 minutes.\",\"2\":\"Once the broccoli & potato are steamed, it will be soft and transparent. Now blend it with little water to a smooth paste in a blender.\"}]'),(8,1,'Mango Puree','Mangoes can be introduced to a baby from 8 months as it is not a great first food for babies. Some babies might get rashes or diarrhea if introduced early.Make sure to use ripe, sweet-tasting, and soft mangoes to make this mango puree.','mangoPuree.jpeg','[{\"1\":\"Mango - 1 small sized\"}]','[{\"1\":\"Wash the mangoes in running water thoroughly.Remove the peel and cut mango into pieces avoiding the seed.\",\"2\":\"Now transfer the chopped mango cubes to the blender. Blend everything until smooth. No need to add water.\"}]'),(9,1,'Papaya Puree','Papayas are very nutritious, tasty, a good source of folic acid & loaded with fiber. Papayas can be introduced to babies between 7-8 months of age.','papayaPuree.jpeg','[{\"1\":\"Papaya - 1/2 cup chopped ripe papaya\"}]','[{\"1\":\"Wash papaya in running water well. Then peel the skin off from the papaya with a peeler and remove the seeds.\",\"2\":\"Chop it into pieces and add to a blender to make a smooth puree.\"}]'),(10,1,'Plums Banana Pure','The plums banana puree can be given to babies from 6 months after introducing plums and banana separate.','plumsBanana.jpeg','[{\"1\":\"Plums - 2 ripe plums\",\"2\":\"Banana - 1/2 cup chopped\"}]','[{\"1\":\"Wash the plums in running water thoroughly. Bring water to a boil in a saucepan and place the washed plums to the water for about a minute. Then plunge into cool water immediately.\",\"2\":\"Then peel the skin off from the plums ,cut into half lengthwise and remove the pit in the centre from each half of the fruit. Now slice them into cubes. Set aside.\",\"3\":\"Then add the chopped banana and plum pieces in a blender and make a smooth puree.\"}]'),(11,1,'Avocado Puree','Avocados are one of the best first food for babies because of the texture and creaminess. It can be given from 6 months.','avocado.jpeg','[{\"1\":\"Avocado - 1 medium size riped fruit\",\"2\":\"Banana  - 1 medium sized optional\",\"3\":\"Breastmilk/formula Milk/Water - as required to the reach consistency\"}]','[{\"1\":\"Wash the avocados in running water thoroughly. Cut the avocado vertically into two pieces.Remove the big seed in the center part and scoop out the inner part using a spoon.\",\"2\":\"Then take the scooped avocado and chopped bananas in a blender. Grind it to a smooth puree. Then add breast milk or formula milk to adjust consistency.\"}]'),(12,1,'Muskmelon Puree','Easy and quick muskmelon puree for babies.Muskmelons can be given to babies from 6 months as it less allergic and helps in eye development.','muskmelonPuree.jpeg','[{\"1\":\"Muskmelon - 1 cup cubed from a small sized ripe muskmelon\"}]','[{\"1\":\"Wash the muskmelon in running water thoroughly. Peel the skin off from the muskmelon and cut into two vertical pieces. Then remove the seeds and chop them into equal size cubes. Set aside.\",\"2\":\"Then take chopped muskmelon pieces in blender. Blend everything till smooth.\"}]'),(13,1,'Prunes Puree','Prunes are dried plums which are known as the best remedy to relieve constipation in babies, toddlers, and kids.These can be added to diet when the baby is 6 months of age.','prunesPuree.jpeg','[{\"1\":\"Prunes  - 10\",\"2\":\"Water - as required\"}]','[{\"1\":\"Soak the dried prunes in warm water for 30 minutes or until they are soft enough to mash. You could alternatively steam the dried prunes for 10 minutes.\",\"2\":\"Once the prunes are soft, puree them in a blender with the water used for soaking. You could also mash them with your hands for older babies. If you would like to juice them, blend with more water and strain the juice using a strainer.\"}]'),(14,2,'Barley Apple Banana Porridge','Easy and healthy porridge for babies with barley, banana and apple.','barleyPorridge.jpeg','[{\"1\":\"Barley dry cereal powder - 2 tbsp\",\"2\":\"Apple - 1 small sized apple\",\"3\":\"Banana - 1 small\",\"4\":\"Breastmilk or formula - 1/4 cup\",\"5\":\"Water - 1 cup\"}]','[{\"1\":\"Peel the apple with a peeler. Remove the seeds. Cut banana into slices. Puree the apple & banana using a blender with less water.\",\"2\":\"Add 2 tbsp of barley into a saucepan. Then add 1 cup of water to it. Mix it well with a whisk so that no lumps are formed.\",\"3\":\"Cook the barley in low medium flame for 10 minutes or until the barley gets cooked completely. Stir it occasionally while cooking otherwise it may stick to the vessel. Once its cooked add pureed apple banana.\",\"4\":\"Mix well. Cook it further for 3 more minutes. Switch off the flame when it becomes thick. Cool it down and add  breastmilk or formula if desired.\"}]'),(15,2,'Quinoa Porridge','Protein and fiber-rich porridge recipe made with quinoa, nuts powder, and milk.','quinoa.jpeg','[{\"1\":\"Quinoa - 1/4 cup\",\"2\":\"Water - 1/2 cup\",\"3\":\"Breast milk/ Formula Milk/ Cows Milk - 1/2 cup\",\"4\":\"Brown Sugar/Dates syrup/ Jaggery Syrup- 1 tbsp\",\"5\":\"Mixed Nuts/Nuts powder - 1 tbsp\"}]','[{\"1\":\"Rinse the quinoa in water, repeat 2-3 times until there are no bubbles appear in the water. Then soak it in water for 10 minutes and keep it ready. For babies below one year, prepare formula milk and keep it available. If using cows\' milk, boil it until frothy.\",\"2\":\"After 10 minutes, drain the water thoroughly and take the soaked quinoa in a saucepan and add 1/2 cup of water. Mix well, cover the pot with a lid and cook for 10 minutes. Keep it undisturbed. Open the lid, mix well once again.\",\"3\":\"Then add the boiled milk/prepared warm formula milk to the cooked quinoa. Then add in a handful of nuts or nuts powder at this stage. For small babies, use only nuts powder and avoid whole nuts.\",\"4\":\"Add sweetener at this stage and mix well until the sweetener dissolves. If using cow\'s milk, boil it further for 5 minutes and switch off the flame. If using formula milk, do not cook it.\",\"5\":\"Then transfer everything to a blender/mixer. Grind it to a smooth/coarse paste\"}]'),(16,2,'Apple Rice Porridge','Healthy porridge made with rice & apple for babies and toddllers.','appleRicePorridge.jpeg','[{\"1\":\"Rice Cereal or rice - 2 tbsp\",\"2\":\"Water - 1.25 cups\",\"3\":\"Apple - 1 small\",\"4\":\"clarified butter - 1/4 tsp \",\"5\":\"If using rice dry roast powder and use\"}]','[{\"1\":\"Wash apple in running water well. Peel the skin off from the apple with a peeler. Remove the seeds in the center part after cutting the Apple vertically into two pieces. Then chop them into equal size small cubes.\",\"2\":\"Grind the cut apples into a smooth paste without adding any water. Set aside.\",\"3\":\"Take the homemade rice cereal in a pan and 1.25 cups of water to it. (If using rice, Dry roast in low flame until the rice is hot to touch and little puffy. Cool it down, Grind it in a mixer to a fine or slightly coarse powder and use)\",\"4\":\"Mix well with a whisk. Make sure that no lumps are formed. Cook the rice powder in low flame for 5 to 8 minutes or until it is completely cooked in sauce consistency.\",\"5\":\"Once the rice powder is cooked to a sauce consistency, add ground apple puree. Give a quick stir.\",\"6\":\"Cook it further for 3-5 minutes, add ghee and mix well. Switch off the flame once done. Let the porridge cool down and feed your baby.\"}]'),(17,2,'Oats Porridge for babies','Healthy porridge recipe made with oatmeal cereal.','oats.jpeg','[{\"1\":\"oatmeal Cereal - 1/4 cup\",\"2\":\"Water - 3/4 cup\",\"3\":\"Breastmilk/ Formula milk/ Cows milk - 1/4 cup\",\"4\":\"Dates syrup/any sweetener - 1-2 tbsp optional\"}]','[{\"1\":\"Take 2 tbsp of oatmeal cereal mix in a saucepan. Add 3/4 cup of water and mix well with a whisk. Make sure there are no lumps remained. Add sweetener at this stage. Give a quick stir.\",\"2\":\"Cook the porridge for 5 minutes until it becomes slightly thick. Then add cow\'s milk if using. Cook it further for 2 minutes and switch off the flame. Cool it down and serve warm. If using breastmilk/formula, add it once the porridge is cooled down.\"}]'),(18,2,'Broken Wheat Porridge','Broken/cracked wheat is rich in calcium, vitamins carbohydrates, and iron.','brokenWheat.jpeg','[{\"1\":\"Broken Wheat - 2 tbsp\",\"2\":\"Dates - 2\",\"3\":\"Almonds - 4\",\"4\":\"Powdered jaggery - 1.5 tbsp optional\",\"5\":\"Water - 1/4 cup + 3/4 cup\",\"6\":\"Cows milk - 1/2 cup don\'t add for babies under one year\"}]','[{\"1\":\"Boil cows milk (if using) in a saucepan and keeps it ready.\",\"2\":\"Soak almonds in water for at least 2 to 3 hours. After 3 hours, peel the skin of almonds and set aside. De-seed the dates and keep it ready.\",\"3\":\"Take 2 tbsp of broken wheat in a pressure cooker along with de-seeded dates, peeled almonds. Add 3/4 cup of water and close the lid of the pressure cooker. Pressure cook it for three whistles and open the cooker once the pressure released.\",\"4\":\"Add 1/4 cup of water to the powdered jaggery and boil in a separate vessel until it melts completely. Then filter out the jaggery water using a strainer. Set aside. Now take the pressure cooked broken wheat, dates and almonds in a blender along with filtered jaggery water. Blend them until smooth.\",\"5\":\"Transfer the blended broken wheat into a saucepan and switch on the flame. Add 1/2 cup of milk (Skip adding milk if you are preparing this porridge for a baby under one year ) to the saucepan and mix everything slowly with a whisk. Boil the porridge in low, medium flame. Stir it continuously while cooking otherwise porridge may stick to the vessel. Boil the porridge until it becomes thick. Remove from the flame once done and cool it down. The porridge becomes thick after cooling down.\"}]'),(19,2,'Carrot Porridge','Healthy sweet porridge recipe made with carrots, dates, and raisins.','carrot.jpeg','[{\"1\":\"Carrots - 1 medium-sized or 2 small sized\",\"2\":\"Powdered Jaggery or jaggery syrup - 1 tsp optional\",\"3\":\"Cardamom powder - a pinch\",\"4\":\"Raisins- 1 tbsp\",\"5\":\"Dates - 3\",\"6\":\"▢Water - as required\",\"7\":\"Ghee - 1 Tsp\",\"8\":\"Boiled Cows Milk/Formula Milk/Breast Milk -1/4 cup\"}]','[{\"1\":\"Wash and soak the raisins and dates together in water for 15 minutes. Squeeze the water completely from it once it\'s soft. Wash carrots in running water well. Peel the skin off from the carrot with a peeler. Then chop them into equal size small cubes.\",\"2\":\"Steam the carrots in a steamer or pressure cook the carrots.Once the carrots are steamed, Blend it along with soaked raisins and dates until the desired consistency is reached. Add boiled water if needed while blending.\",\"3\":\"Heat ghee in a pan. Then transfer the carrot puree to a saucepan with cardamom powder and jaggery(if using). Mix well. Then add boiled cows milk and cook it further for two more minutes. Switch off the flame once done.\",\"4\":\"For babies below one year add formula milk or breast milk once the porridge is warm. Feed your baby.\"}]'),(20,2,'Sooji/Semolina Porridge','This sooji/semolina porridge recipe can be given to babies from 6 months. This porridge tastes bland hence add jaggery syrup, dates syrup, or fruit purees like apple or pear to enhance the taste.','semolina.jpeg','[{\"1\":\"Sooji/semolina - 2 tbsp\",\"2\":\"Hot Water - 1 cup\",\"3\":\"Ghee -1/2 tsp\",\"4\":\"Breast milk/Formula Milk/Cows milk - 1/2 cup\",\"5\":\"Dates syrup/any sweetener/fruit puree - 1-2 tbsp optional\"}]','[{\"1\":\"Take required hot boiled water in a bowl or sauce pan. Add sooji little by little to the hot water.\",\"2\":\"Stir in continuously well with a spoon or whisk. Make sure there are no lumps remained. Now close this with a lid and keep it undisturbed. You can also Cook it further for 3-5 minutes in low medium flame. Then Add sweetener at this stage. Give a quick stir.\",\"3\":\"Add ghee and milk. Mix well and serve. If adding cows milk make sure to add boiled milk. Cook it further for few minutes if desired and switch off the flame.\"}]'),(21,2,'Wheat Porridge','Wheat is healthy food for the baby and should be introduced after eight months.','wheat.jpeg','[{\"1\":\"Wheat flour - 1 cup\",\"2\":\"Moong dal - 1/2 cup\",\"3\":\"Almonds - 1/4 cup\",\"4\":\"Powdered jaggery - 1.5 tbsp optional\",\"5\":\"Water - 1/4 cup + 1/4 cup\",\"6\":\"Cows milk - 3/4 cup don\'t add for babies under one year\"}]','[{\"1\":\"Firstly, we need to prepare the wheat mix powder to make the porridge. Measure wheat flour, moong dal and almonds in a measuring cup and keep everything ready. Then heat a pan and dry roast the almonds for five minutes in low, medium flame or until it changes its color slightly. Remove roasted almonds from the pan and transfer to a blender. Let it cool down for some time.\",\"2\":\"Then wash the moong dal thoroughly in running water and dry it under the sun for 30 minutes or you can directly start roasting in a pan. Add moong dal in the same pan and dry roast it until it changed to a golden brown. It may take five minutes. Remove the roasted moong dal from the pan and add it to the blender.\",\"3\":\"Once almonds and moong dal are cooled down, grind it together in the blender to a smooth powder. Then sieve it with a sieve and collect the sieved powder in a big plate.\",\"4\":\"Now Dry roast the wheat flour for five minutes in low, medium flame for 5 minutes or until nice aroma comes. Then switch off the flame and add the ground moong dal almond powder to the roasted wheat flour and mix it well. Once done, cool it down and store it in an airtight container.\",\"5\":\"Next step is to make porridge with the wheat mix powder. Take 2 tbsp of wheat mix powder in a saucepan. Add 1/4 cup of water to the powdered jaggery and boil it in a separate vessel until it melts completely. Then filter out the jaggery water using a strainer in the saucepan with wheat flour mix added.\",\"6\":\"Add 1/4 cup of water to the wheat flour with jaggery and mix everything slowly with a whisk. Make sure that there are no lumps formed. Cook the wheat flour in medium flame until everything cooked thoroughly. Stir it continuously while cooking otherwise porridge may stick to the vessel. Add milk now to the cooked porridge. (Skip adding milk if you are preparing this porridge for a baby under one year ). Boil the porridge until it becomes thick. Remove from flame once done and cool it down. The porridge becomes thick after cooling down. So switch off the flame accordingly.\"}]'),(22,2,'Ragi Porridge','Healthy ragi porridge for babies with the whole ragi by soaking ragi and extracting milk.','ragi.jpeg','[{\"1\":\"Ragi seeds - 1 cup\",\"2\":\"Water - to grind\"}]','[{\"1\":\"Take ragi in a vessel and wash it by rubbing well with your hands. It has lots of muds so repeat the process 2 to 3 times unless it is clean and get rid of all dirt.\",\"2\":\"Then soak the ragi in clean water for 12 hours. Keep it covered (with provision to some air to enter) while soaking. After 12 hours, open it. The color of the ragi will be slightly changed after soaking.\",\"3\":\"Then drain the water completely. Transfer the drained ragi to a blender. Add 1/4 cup of water to it and blend for 2 minutes.Again add 1/4 cup of water and grind it till smooth.\",\"4\":\"Now extract the ragi milk by straining using a cheesecloth. Squeeze out the liquid entirely by stirring with your hand. Discard the ragi and collect the milk in a saucepan. Repeat the process if necessary.\",\"5\":\"Cook the ragi milk in a saucepan until it becomes thick and reached a porridge consistency. Add jaggery while cooking if you like to add sweetener. Switch off the flame once done.\"}]'),(23,2,'Urad Dhal Porridge','The urad dal porridge is a aromatic,very healthy food that helps to gain healthy weight in kids.','urad.jpeg','[{\"1\":\"Urad Dal - 2 tbsp\",\"2\":\"Rice - 1 tsp optional\",\"3\":\"Powdered palm Jaggery or jaggery - 1 tbsp or adjust optional\",\"4\":\"Grated Coconut - 2 tsp optional\",\"5\":\"Water - as required\",\"6\":\"Salt - a pinch optional\",\"7\":\"Cardamom - 1\"}]','[{\"1\":\"Rinse urad dal and rice well and soak it in water for at least 30 minutes. Measure jaggery and keep aside. I used organic jaggery without impurities, melt jaggery and strain water if using jaggery with impurities. After 30 minutes, In a mixer grind grind coconut(if using) , soaked urad dal and rice together to a fine paste by adding a cup of water. It should be in pouring thin buttermilk consistency. Set aside.\",\"2\":\"In a saucepan, take the urad dal paste and add salt, crushed or powdered cardamom. Mix well. Now cook everything in a low flame for 5 minutes or until the urad dal gets cooked well. Stir it continuously otherwise it gets stick to the bottom. Adjust with water if it\'s getting too thick.\",\"3\":\"Once the urad dal is cooked, add powdered palm jaggery or palm jaggery syrup. Mix well and cook until the porridge consistency is reached and the nice aroma comes. It may take 5 minutes. Once done, add ghee if desired and switch off the flame.\"}]'),(24,3,'Watery Rice Gruel','Watery Rice Gruel - protein and scratch rich watery rice soup recipe which makes a great first food & energy booster for babies.','wateryRiceGruel.jpeg','[{\"1\":\"Parboiled rice - 2 tbsp\",\"2\":\"Water - 2.5 cups\"}]','[{\"1\":\"Sterilise the bowls and spoons used for feeding your baby in a vessel with hot water for five minutes and keep it immersed in the same vessel until use.\",\"2\":\"Take 2 tbsp of rice and wash it well. Add the washed rice to a cooking pot or sauce pan and add 2.5 cups of water. Cook the rice in medium flame with occasional stirring.\",\"3\":\"Cook the rice until it gets completely cooked and soft. It may take 10 to 15 minutes. Once the rice is completely cooked, switch off the flame. Let it cool down for some time. Then Mash the rice a bit with a laddle n stain through a strainer to get a thin watery rice soup.\"}]'),(25,3,'Barley water','Barley Water - protein-rich barley water, which makes a great weaning food & energy booster for babies.','barleyWater.jpeg','[{\"1\":\"Barley - 1 tbsp\",\"2\":\"Organic Powdered Jaggery - 1 tbsp optional\",\"3\":\"Water - 1 cup\"}]','[{\"1\":\"Sterilize the bowls and spoons used for feeding your baby in a vessel with hot water for five minutes and keep it immersed in the same container until use.\",\"2\":\"Take barley & Jaggery. Wash the barley well in running water and add the washed barley to a pressure cooker and add 2.5 cups of water. Cook the barley along with jaggery in very low flame for 10 to 15 minutes or until three whistles in low flame.\",\"3\":\"Open the pressure cooker once pressure released, cool it down a bit. When its warm, add the cooked barley to the blender and liquidize it.\",\"4\":\"Then mash the barley a bit with a spoon and strain through a filter to get the barley water. Mix well and serve lukewarm.\"}]'),(26,3,'Apple Carrot Soup','Apple Carrot Soup - Easy and healthy soup for babies with apple & carrot.','appleCarrotSoup.jpeg','[{\"1\":\"Carrot - 1/2 of big size carrot\",\"2\":\"Apple - 1/2 of one big size apple\",\"3\":\"Onions - 1 tbsp chopped\",\"4\":\"Salt - a pinch\",\"5\":\"Butter/Ghee - 1/2 tsp\",\"6\":\"Pepper powder - a tiny pinch optional\",\"7\":\"Water - as needed\"}]','[{\"1\":\"Wash Apple & carrot in running water well. Then peel the skin off from carrot and apple with a peeler. Then chop them into equal size small cubes. Discard the seeds from Apple.\",\"2\":\"Steam the chopped apple & carrot cubes in a steamer for 15 minutes. I have used Philips avent steamer come blender for both steaming and blending. In the meantime, fry the onions nicely in butter until golden brown and keep aside. Alternatively you can steam it with Idli steamer plate by adding a cup of water or pressure cook the apple, carrot and fried onions together with a cup of water for 3 whistles.\",\"3\":\"Once the the apple & carrot are steamed cooked , it will be soft and transparent. Add fried onions and blend it with little water to a smooth paste in a blender.\",\"4\":\"Then strain them using a strainer to get a clear soup. Then reheat the strained soup in a saucepan for two minutes with salt, pepper and jeera powder (if using). Switch off the flame and serve warm.\"}]'),(27,3,'Mixed Vegetable Soup','Mixed Vegetable Soup - Easy and healthy soup for babies with mixed veggies like carrot, beans, peas, bottle gourd, etc.','mixedVegSoup.jpeg','[{\"1\":\"Carrot - 1 tbsp chopped\",\"2\":\"Beans - 1 tbsp chopped\",\"3\":\"Fresh Peas - 10 taken from the pod\",\"4\":\"Potato - 1 tbsp chopped\",\"5\":\"Bottle Gourd - 2 tbsp chopped\",\"6\":\"Tomato - 1 tbsp chopped\",\"7\":\"Salt - a pinch\",\"8\":\"Butter/Ghee - 1/4 Tsp\",\"9\":\"Pepper powder - a tiny pinch optional\",\"10\":\"Jeera Powder - a pinch optional\",\"11\":\"Water - as needed\"}]','[{\"1\":\"Wash all the vegetables in running water well. Then peel the skin off from carrot, beans, tomato, bottle gourd and potato with a peeler. Then chop them into equal size small cubes. Steam the chopped veggies in a steamer for 10 minutes. I have used Philips Avent steamer come blender for both steaming and blending. Alternatively, you can steam it with Idli steamer plate by adding a cup of water or pressure cook it with a cup of water for three whistles.\",\"2\":\"Once the vegetables are steamed, it will be soft and transparent. Now blend it with little water to a smooth paste in a blender. Alternatively, you can strain them using a filter to get a clear soup. Then reheat the blended soup with butter or ghee in a vessel for two minutes with salt, pepper and jeera powder (if using). Switch off the flame and serve warm.\"}]'),(28,4,'Keerai Sadam','Nutrition rich, healthy lunch recipe for babies with Spinach Puree and rice.','keeraiSadam.jpeg','[{\"1\":\"Cooked Rice - 3 tbsp\",\"2\":\"Spinach leaves - 1 cup tightly packed\",\"3\":\"Homemade Ghee - 1/2 Tsp\",\"4\":\"Garlic - 1 clove\",\"5\":\"Turmeric powder - a generous pinch\",\"6\":\"Salt - as needed salt is not recommended for babies under one year of age\",\"7\":\"Water - 1/4 cup\"}]','[{\"1\":\"Pick the leaves alone from the keerai bunch and wash the collected keerai/spinach leaves well in running water. Transfer them to a small pressure cooker along with turmeric powder and garlic. Add 1/4 cup of water and close the lid of the pressure cooker. Pressure cook it for three whistles in medium low flame.\",\"2\":\"Open the cooker once the pressure released. Cool it down and transfer the pressure cooked contents to a blender. Blend everything to a smooth paste.\",\"3\":\"Then add ghee and salt to the spinach puree. Mix it well with a spoon. Set this aside.\",\"4\":\"Take mashed rice in a mixing bowl and add 2 to 3 tbsp of spinach puree to it.  Mix the rice well with your hands and feed your baby warm.\"}]'),(29,4,'Paneer Pulao','Paneer Pulao with vegetables - mildly spiced and tasty paneer pulao with vegetables for babies, toddlers and kids. Perfect for lunch box.','paneerPulao.jpeg','[{\"1\":\"Basmati rice - 1/2 cup\",\"2\":\"Paneer cubes - 100 gm\",\"3\":\"Ginger garlic paste - 3/4 tsp\",\"4\":\"Onion - 1 medium sized\",\"5\":\"Tomato - 1 small sized\",\"6\":\"Mint leaves - 1 tsp\",\"7\":\"Corainder leaves - 1 tsp\",\"8\":\"Chopped Vegetables - 1/4 cup i used carrot and butter beans\",\"9\":\"Garam masala - 1/2 tsp optional\",\"10\":\"Curd - 1.5 tbsp\",\"11\":\"Water - 1 cup\",\"12\":\"Salt - as required\"}]','[{\"1\":\"Heat a small pressure cooker with ghee and add bay leaves, cinnamon, cloves, cardamom. Saute it for 2 minutes and add onions along with ginger garlic paste. Saute them nicely until golden brown.\",\"2\":\"Once the onions becomes golden brown and the raw smell of ginger garlic paste leaves, add tomatoes. Fry them until the raw smell of tomatoes leaves. Then add the coriander mint leaves along vegetables and garam masala. Mix them together and saute them for 3 minutes.\",\"3\":\"Now add curd and mix well. Then add the soaked rice to the gravy along with salt and fry them for a minute.\",\"4\":\"Add required amount of water and bring it to a boil.Close the lid of pressure cooker and cook everything in a medium flame for two whistles. In the meantime time fry the chopped paneer cubes in a tsp of oil until golden brown. Once the pressure releases, open the cooker and add fried paneer cubes and mix well. Keep the cooker closed until serving.\"}]'),(30,4,'Beetroot Pulao','Beetroot Pulao - colorful & tasty Beetroot pulao with pess for babies, toddlers and kids. Perfect for lunch box.','beetrootPulao.jpeg','[{\"1\":\"Basmati rice - 1 cup\",\"2\":\"Beetroots  - 3/4 cup finely chopped\",\"3\":\"Green Peas -  4 tbsp\",\"4\":\"Ginger garlic paste - 1 tsp\",\"5\":\"Onion - 1 medium sized\",\"6\":\"Tomato - 1 small sized\",\"7\":\"Green chillies - 1 splitted\",\"8\":\"Mint leaves -a handful\",\"9\":\"Coriander leaves - a handful\",\"10\":\"Red chilli powder - 1 tsp\",\"11\":\"Garam masala powder - 1/2 tsp\",\"12\":\"Water - 1.5 cups\",\"13\":\"Lemon juice - 2 tsp\",\"14\":\"Salt - as required\"}]','[{\"1\":\"Heat a small pressure cooker with ghee and add bay leaves, cinnamon, cloves, cardamom. Saute it for 2 minutes . Add onions and give a quick stir.\",\"2\":\"Now add ginger garlic paste. Saute them nicely until golden brown. Once the onions becomes golden brown and the raw smell of ginger garlic paste leaves, add tomatoes.\",\"3\":\"Fry them until the raw smell of tomatoes leaves. Then add the coriander leaves, mint leaves and green chillies. Mix them together and saute them for 3 minutes. Now add chopped beetroots & green peas.Mix well.\",\"4\":\"Now Add red chilli powder and garam masala powder. Saute for two minutes or until the masalas gets blended with the veggies. Then add the soaked rice to the gravy along with salt and fry them for a minute.\",\"5\":\"Add required amount of water and bring it to a boil.\",\"6\":\"Close the lid of pressure cooker and cook everything in a medium flame for two whistles. Once the pressure releases, open the cooker, add lemon juice and fluff the rice with a fork.\"}]'),(31,4,'Spinach Khichdi','Spinach Dal Khichdi - A quick, comforting meal made with rice, lentils, and spinach. Nutritious and iron food for kids.','spinachKhichdi.jpeg','[{\"1\":\"Rice - 1/2 cup\",\"2\":\"Toor Dal - 1/2 cup\",\"3\":\"Spinach - 2 cups chopped\",\"4\":\"Big Onion - 1 small sized\",\"5\":\"Green chilli - 1/2 optional\",\"6\":\"Ginger - 1/2 inch\",\"7\":\"Garlic - 4 cloves\",\"8\":\"Garam masala powder - 1/2 tsp optional\",\"9\":\"Pepper powder - 1/4 tsp\",\"10\":\"Turmeric powder - a pinch\",\"11\":\"Hing - a generous pinch\",\"12\":\"Lemon juice- 1 Tsp\",\"13\":\"Water - 4 cups\",\"14\":\"Salt - as required\"}]','[{\"1\":\"In 1/2 tsp of ghee, fry the spinach and green chili together until it shrinks. Switch off the flame once done.\",\"2\":\"Grind spinach and green chili together to a fine paste. Set aside.\",\"3\":\"Heat a pressure cooker with ghee. Add cumin seeds. Let it crackle. Then add onions and chopped ginger and garlic. Saute them nicely until golden brown.\",\"4\":\"Once onions become transparent, Add spinach puree, turmeric powder, pepper powder, garam masala powder(if using) and required salt. Give a quick stir.\",\"5\":\"Then add soaked rice & toor dal mix well. Give a quick stir.\",\"6\":\"Add required water and bring it to a boil. Then close the lid of pressure cooker and cook everything in a medium flame for three to four whistles. Once the pressure releases, open the cooker, add lemon juice and fluff the rice with a spoon slowly, top with ghee if required.\"}]'),(32,8,'Spiced Blender Pancake','These spiced pancakes are gluten-free, refined sugar-free and dairy-free and are filled instead with wholesome oats, one banana, a splash of almond milk and a big pinch of warming spices.','spicedBlenderPancakes.jpeg','[{\"1\":\"1 cup dry old-fashion oats see notes\",\"2\":\"1 ripe banana\",\"3\":\"1 large egg\",\"4\":\"1/2 cup almond milk or milk of choice\",\"5\":\"1 teaspoon vanilla extract\",\"6\":\"1 1/2 teaspoons cinnamon\",\"7\":\"1/2 teaspoon dried ginger\",\"8\":\"1/4 teaspoon nutmeg\",\"9\":\"1/4 teaspoon allspice\",\"10\":\"1 teaspoon baking powder\"}]','[{\"1\":\"In a high speed blender, add in the oats, banana, eggs, milk, vanilla extract, cinnamon, ginger, nutmeg and allspice. Blend on low for 10 seconds, scrape down sides, and then blend on high for 1-2 minutes or until the oats are complete broken down and the batter is smooth. Add in the baking powder and then blend on low for 20 seconds.\",\"2\":\"Heat a skillet on medium heat and spray with cooking spray, olive oil or coconut oil. Pour roughly 1/4 cup of pancake batter onto skillet and cook until bubbles appear, flip and cook for 2 more minutes. Continue process until all the batter is gone.\",\"3\":\"I find that sometimes the batter gets a little too thick during the waiting process. If that happens, add a tablespoon of milk into the batter at a time, and blend until you have the right consistency.\"}]'),(33,8,'Butternut Squash Mac and Cheese','Not only is butternut squash great for babies first puree, it makes a crave-worthy dinner for the entire family! You’ll love this Vegan + Dairy Free Butternut Squash Mac and Cheese for toddlers and kids!','butternutSquashMacCheese.jpeg','[{\"1\":\"1 medium butternut squash\",\"2\":\"12 ounces pasta, any shape\",\"3\":\"1 tbsp olive oil\",\"4\":\"1/2 yellow onion, diced\",\"5\":\"2 cloves garlic, minced\",\"6\":\"1 cup chicken or vegetable broth\",\"7\":\"1/2 tsp mild curry powder\",\"8\":\"1 tsp fresh thyme can also use sage or rosemary (optional)\",\"9\":\"1/2 cup grated parmesan cheese (optional)\",\"10\":\"salt and pepper to taste\"}]','[{\"1\":\"Pre-heat oven to 400 degrees F. Line baking sheet with parchment paper or silicone mat.\",\"2\":\"Cut butternut squash in half, deseed and place on a baking sheet, skin side down. Bake for 40 minutes or until a fork can prick the skin easily.\",\"3\":\"Meanwhile, bring a large pot of water to a boil. Add pasta and cook according to the package directions.\",\"4\":\"In large skillet, heat oil over medium heat. Add onion and cook for 3-5 minutes. Add garlic and cook for an additional 2 minutes.\",\"5\":\"Scrape butternut squash from skin and place in blender or food processor. Add onion, garlic, thyme, curry and vegetable broth and puree until smooth.\",\"6\":\"Return pureed butternut squash to a skillet over medium heat. Add pasta, salt and pepper and stir until well combined.\",\"7\":\"Sprinkle with parmesan cheese, if desired, and serve immediately.\"}]'),(34,8,'Roasted Root Vegetables','These tender Roasted Root Vegetables are so good that will turn any member of your family into a root veggie lover!','roastedRootVegetables.jpeg','[{\"1\":\"4 carrots, peeled and roughly chopped\",\"2\":\"1 large sweet potato, peeled and roughly chopped\",\"3\":\"2 parsnips, peeled and roughly chopped\",\"4\":\"1 golden beet, peeled and roughly chopped\",\"5\":\"1 tablespoon olive oil\",\"6\":\"1 teaspoon dried thyme\",\"7\":\"1/4 teaspoon sea salt (optional)\"}]','[{\"1\":\"Preheat oven to 400 degree F. Spray baking sheet with cooking spray or line with parchment paper.\",\"2\":\"Place the chopped vegetables onto the baking sheet. Drizzle the olive oil and then sprinkle the thyme over the vegetables. Gently toss the vegetables with your hands or a wooden spoon until everything is well mixed. If making this for kiddos older then one year, sprinkle with the salt.\",\"3\":\"Bake for 30 minutes, stirring halfway through. Depending on the size of your vegetables, you may need to bake for an additional 10-15 minutes, vegetables should be easily pricked with a fork when done.\",\"4\":\"Let cool slightly and serve.\"}]'),(35,8,'Tofu Sticks with Peanut Dipping Sauce','A fun tofu dish for toddlers and kids! Baked until crispy and served with a delicious peanut dipping sauce – this recipe will be a hit!','tofuSticks.jpeg','[{\"1\":\"14 oz firm or extra firm organic sprouted tofu, pressed to remove water\",\"2\":\"tbsp sesame oil\",\"3\":\"3 tbsp soy sauce\",\"4\":\"2 tsp rice vinegar or apple cider vinegar\",\"5\":\"2 tbsp honey or agave nectar\",\"6\":\"1/2 tsp ground ginger or fresh grated ginger\",\"7\":\"1/2 tsp ground garlic\",\"8\":\"2 tbsp sesame seeds\",\"9\":\"1/2 cup creamy peanut butter\",\"10\":\"1/2 cup warm water\",\"11\":\"1 tbsp soy sauce\",\"12\":\"2 tbsp brown sugar or honey\",\"13\":\"1 lime, juiced\",\"14\":\"pinch cayenne pepper optional\"}]','[{\"1\":\"To press the tofu, cut the tofu lengthwise into 2 long pieces and place on top of a stack of 3 paper towels. Put another layer of 3 paper towels on top of the tofu and place something heavy on top of the tofu, I usually use my cast iron skillet with my tea kettle on top. The goal is get as much water out of the tofu as possible so you get a crispy crust. Let sit for 10 minutes, then replace the paper towels and let press for another 10 minutes or longer if you have time.\",\"2\":\"While tofu is pressing, in a medium bowl whisk together the sesame oil, soy sauce, vinegar, honey, ginger and garlic.\",\"3\":\"Preheat oven to 400° F.\",\"4\":\"When tofu is done pressing cut into stick shapes or nuggets, then place them in medium bowl or pan and pour marinade over tofu pieces making sure to coat each piece. Let stand for 10 minutes, rotate and then let stand for another 10 minutes.\",\"5\":\"Place on baking sheet in single layer and sprinkle with sesame seeds.\",\"6\":\"Bake for 20 minutes, flip over and bake for another 20 minutes.\",\"7\":\"While the tofu is cooking, make the dipping sauce. In a medium bowl whisk together the peanut butter and water until smooth. Add in the soy sauce, lime juice, brown sugar and cayenne pepper until combined.\",\"8\":\"Serve tofu sticks with dipping sauce.\"}]'),(36,9,'Broccoli Egg Cups','Handheld and portable, these egg cups are great for baby and toddlers on-the-go.','eggs.jpeg','[{\"1\":\"6 large eggs\",\"2\":\"1/4 cup milk (cow, almond, coconut, hemp, etc)\",\"3\":\"1/2 cup broccoli chopped\",\"4\":\"1/2 cup cheddar cheese shredded\",\"5\":\"salt and pepper to taste\"}]','[{\"1\":\"Heat oven to 375 degrees. Line 8 muffin tins with silicon muffin molds or generously spray to prevent sticking.\",\"2\":\"In a medium bowl, whisk the eggs and milk together.\",\"3\":\"Add in the broccoli, cheese, salt and pepper and stir until combined.\",\"4\":\"Pour the egg mixture into the muffin tins until 3/4 the way full.\",\"5\":\"Bake for 20-25 minutes or until eggs have set and the cheese is golden brown.\"}]'),(37,9,'Avocado Toast + Egg','This baby and toddler version of avocado toast.','avocadoToast.jpeg','[{\"1\":\"1 large piece of whole wheat bread\",\"2\":\"1/3 avocado, ripe\",\"3\":\"1 hard boiled egg, peeled\"}]','[{\"1\":\"Lightly toast bread\",\"2\":\"Smash the avocado with the back of a fork, spread onto the toasted bread.\",\"3\":\"Roughly chop the hard boiled egg, sprinkle of top of avocado.\",\"4\":\"Cut avocado toast into strips or chunks, and serve.\"}]'),(38,9,'Baby\'s First Bolognese','Filled with chopped carrots, zucchini, tomatoes and ground meat, this sauce is as flavorful as it is nutritious.','babyfood.jpeg','[{\"1\":\"1/2 teaspoon olive oil\",\"2\":\"1/2 cup onion diced\",\"3\":\"1 clove garlic minced\",\"4\":\"1/2 pound ground turkey beef, chicken or pork\",\"5\":\"1 small carrot peeled and finely chopped\",\"6\":\"1/3 cup zucchini finely chopped\",\"7\":\"1-28 oz can crushed tomatoes\",\"8\":\"1 tablespoon tomato paste\",\"9\":\"1 teaspoon dried parsley\",\"10\":\"1/2 teaspoon dried basil\",\"11\":\"1/4 teaspoon dried oregano\"}]','[{\"1\":\"In a large skillet over medium heat, heat the olive oil. Add in the onion and garlic and let cook for 2-3 minutes or until translucent, stirring often.\",\"2\":\"Add in the ground meat and cook for 4-5 minutes or until browned, stirring often to break up the meat. Drain any excess fat.\",\"3\":\"Add in the carrot and zucchini and cook for 2-3 minutes.\",\"4\":\"Add in the tomatoes, tomato paste, parsley, basil and oregano and let it come to a boil.\",\"5\":\"Reduce heat and let simmer for 10-20 minutes.\",\"6\":\"Serve with: pasta of your choice (original, whole wheat, gluten free, lentil, chickpea), spaghetti squash, brown rice or even zucchini noodles.\"}]'),(39,9,'Chunky Summer Veggie Pasta','This Chunky Summer Veggie Pasta for Baby and Toddler combines all the flavorful tastes of summer into one bite-size dish.','veggiepasta.jpeg','[{\"1\":\"1/2 small zucchini\",\"2\":\"6 asparagus spears\",\"3\":\"1 leek white and light green parts only\",\"4\":\"8-10 basil leaves\",\"5\":\"1/2 lemon, juiced\",\"6\":\"1/4 cup + 2 tbsp small shaped pasta\",\"7\":\"1/2 cup + 3 tbsp water\",\"8\":\"sprinkle of parmesan, optional\"}]','[{\"1\":\"Chop the zucchini, asparagus and leek into 1 pieces. Roughly chop the basil.\",\"2\":\"In a medicum saucepan, bring 2 of water to a boil over medium heat. Place the zucchini, asparagus and leek into a steamer basket over the boiling water, cover, and cook for 15 minutes\",\"3\":\"Meanwhile, cook pasta according to package directions.\",\"4\":\"Transfer the zucchini, asparagus and leek to a blender or food processor, add basil and lemon juice. Puree in short bursts until you reach your desired consistency.\",\"5\":\"Mix 1/2 of the vegetable puree with the cooked pasta and store the remaining puree for future use.\",\"6\":\"Sprinkle with parmesan and serve.\"}]'),(40,9,'Mini Chicken + Carrot Meatballs','Filled with ground chicken, carrots, spinach and applesauce – these mini meatballs are a healthy.','meat.jpeg','[{\"1\":\"1 lb ground chicken or turkey\",\"2\":\"1/4 cup applesauce or apple puree\",\"3\":\"1/2 cup shredded carrot\",\"4\":\"1/2 cup chopped spinach\",\"5\":\"1/4 cup chopped green onion\",\"6\":\"1 egg\",\"7\":\"1/2 cup breadcrumbs\",\"8\":\"1/2 tsp cumin\",\"9\":\"salt and pepper, to taste\"}]','[{\"1\":\"Pre-heat the oven to 400 degrees F. Line a baking sheet with parchment paper, silicone mat or tin foil\",\"2\":\"In a large bowl, place all of the ingredients. Gently fold together with your hands or spatula until everything is well incorporated. Let sit for 5 minutes.\",\"3\":\"Roll meat mixture into 1″ balls. I find it helps to wet your hands throughout the process.\",\"4\":\"Place the meatballs onto the baking sheet and bake for 15-20 minutes or until meatballs are cooked through and gently browned.\"}]'),(41,9,'Sweet Potato Pancakes','These sweet potato pancakes for baby are quick and easy to make and perfectly soft and fluffy.','pan.jpeg','[{\"1\":\"1/2 cup white whole wheat flour\",\"2\":\"1/4 cup sweet potato puree\",\"3\":\"1/4 cup small curd cottage cheese, or full-fat Greek yogurt\",\"4\":\"2 large eggs\",\"5\":\"2 tsp baking powder\",\"6\":\"1/2 tsp cinnamon\",\"7\":\"cooking spray or oil\"}]','[{\"1\":\"In a medium bowl, add in all of the ingredients and stir until combined. If using cottage cheese, the batter will have chunks in it.\",\"2\":\"Heat a large non-stick skillet on medium heat. Spray or oil skillet. For small pancakes add 1 tablespoon of batter to the skillet at a time and let cook for 3-4 minutes or until golden on the bottom and bubbles appear along the edges. Flip and let cook for another 2-3 minutes. Repeat with all of the batter.\",\"3\":\"Serve and enjoy.\"}]'),(42,9,'Kale + Spinach Quesadilla','A filling and healthy version of your standard quesadilla – filled with a kale, spinach and apple spread and loaded with beans and cheese.','franky.jpeg','[{\"1\":\"1/2 cup packed spinach\",\"2\":\"2 kale leaves, de-stemed\",\"3\":\"1/2 apple, cored and chopped\",\"4\":\"1 clove garlic\",\"5\":\"salt and pepper\",\"6\":\"4 10-inch tortillas\",\"7\":\"1 1/2 cups shredded cheese,\",\"8\":\"1/4 cup white beans, washed\",\"9\":\"1 tbsp olive oil or coconut oil\",\"10\":\"1/4 cup plain Greek yogurt\",\"11\":\"1/2 lime juiced\",\"12\":\"1/4 tsp Sriracha\"}]','[{\"1\":\"In a food processor or blender, add in spinach, kale, apple, garlic, salt, pepper and 1/4 cup of cheese and pulse until just combined, scrapping down sides as needed.\",\"2\":\"Pre-heat large skillet over medium heat. Pour in half of the oil and let it get hot.\",\"3\":\"Take 1 tortilla and spread half of the kale mixture onto it, sprinkle half of the beans and half of the remaining cheese. Cover with a tortilla and place into skillet and cook for 3-4 minutes per side until the tortilla is golden brown and the cheese is melted. Repeat the process with the remaining tortillas and ingredients.\",\"4\":\"Meanwhile, in a small bowl, add the yogurt, lime juice and Sriracha (to taste) and mix until all ingredients are incorporated.\",\"5\":\"Let quesadilla cool slightly, cut into wedges, drizzle with spicy lime sauce and serve. I also recommend serving this with a big bowl of guacamole:)\"}]'),(43,9,'Crispy Herb Salmon Bites for Baby + Toddler','These salmon bites are a great way to introduce salmon to baby or toddler in an easy-to-eat foolproof way.','salmon.jpeg','[{\"1\":\"1/2 lb salmon fillets skin removed, cut into 1” thick pieces\",\"2\":\"1/4 cup white whole wheat flour\",\"3\":\"2 large eggs\",\"4\":\"1 cup Panko breadcrumbs\",\"5\":\"1 tablespoon Italian seasoning\",\"6\":\"3 teaspoons dried parsley\",\"7\":\"salt and pepper to taste\"}]','[{\"1\":\"Preheat oven to 450 degree F. Spray or line a baking sheet.\",\"2\":\"Pat dry the salmon pieces.\",\"3\":\"In a small bowl, stir the flour and salt and pepper (if using) together.\",\"4\":\"In another small bowl, whisk the eggs together\",\"5\":\"In another small bowl, stir the breadcrumbs, seasoning, parsley, salt and pepper (if using) together.\",\"6\":\"One at a time, coat the salmon pieces. First coat the salmon in the flour, dusting off any excess, then dip in the egg mixture and then toss in the breadcrumbs until completely coated. Place coated salmon pieces onto baking sheet.\",\"7\":\"Bake for 15-17 minutes or until crispy and golden brown.\",\"8\":\"Serve with steamed broccoli and cauliflower.\"}]'),(44,9,'Mexican Sweet Potato Boats','Babies are happy because they can eat this dish with their fingers.','mexican.jpeg','[{\"1\":\"3 cooked small whole sweet potatoes\",\"2\":\"1/2 cup black beans\",\"3\":\"1/2 cup corn\",\"4\":\"1/4 teaspoon paprika\",\"5\":\"1/4 teaspoon garlic powder\",\"6\":\"1/4 teaspoon cumin\",\"7\":\"1/2 avocado chopped\",\"8\":\"1 small tomato finely chopped\",\"9\":\"1/4 cup cheddar cheese\",\"10\":\"1 tablespoon cilantro finely chopped\"}]','[{\"1\":\"Warm the sweet potatoes in the microwave or in a 350 degree oven.\",\"2\":\"In a medium skillet, add in the black beans, corn, paprika, garlic powder and cumin and cook for 5 minutes over medium-low heat, stirring often.\",\"3\":\"Cut the sweet potatoes in half, using a spoon to scrap the sweet potato away from the skin and cut or smash the sweet potato into small chunks, being careful not to cut the peel.\",\"4\":\"Add 1/4 cup of the bean and corn mixture on top of the sweet potato.\",\"5\":\"Sprinkle the avocado, tomatoes, cheese and cilantro on top and serve.\"}]'),(45,9,'Mini Bagel Pizzas with Pepper sprinkles','These easy-peasy pizzas come with a fun surprise – pepper “sprinkles”.','bagel.jpeg','[{\"1\":\"2 mini whole grain bagels cut in half\",\"2\":\"1/3 cup marinara sauce\",\"3\":\"1/2 cup mozzarella cheese shredded\",\"4\":\"1/4 cup chopped peppers red, yellow, orange and/or green\"}]','[{\"1\":\"Heat oven to 425 degrees. Place tin foil on a baking sheet for easy clean up.\",\"2\":\"Top each half of a bagel with the marinara sauce, spreading all the way to the edge.\",\"3\":\"Top with roughly 2 tablespoons of mozzarella.\",\"4\":\"Sprinkle on the peppers.\",\"5\":\"Place on baking sheet, and bake for 8-10 minutes or until the cheese is melted and bubbly.\",\"6\":\"Let cool and serve\"}]');
/*!40000 ALTER TABLE `recipes` ENABLE KEYS */;
UNLOCK TABLES;

--
-- Table structure for table `users`
--

DROP TABLE IF EXISTS `users`;
/*!40101 SET @saved_cs_client     = @@character_set_client */;
/*!50503 SET character_set_client = utf8mb4 */;
CREATE TABLE `users` (
  `user_id` int NOT NULL AUTO_INCREMENT,
  `full_name` varchar(255) NOT NULL,
  `email` varchar(255) NOT NULL,
  `contact` int DEFAULT NULL,
  `password` varchar(255) DEFAULT NULL,
  `status` enum('0','1') NOT NULL,
  `secret_key` text,
  PRIMARY KEY (`user_id`)
) ENGINE=InnoDB DEFAULT CHARSET=utf8mb4 COLLATE=utf8mb4_0900_ai_ci;
/*!40101 SET character_set_client = @saved_cs_client */;

--
-- Dumping data for table `users`
--

LOCK TABLES `users` WRITE;
/*!40000 ALTER TABLE `users` DISABLE KEYS */;
/*!40000 ALTER TABLE `users` ENABLE KEYS */;
UNLOCK TABLES;
/*!40103 SET TIME_ZONE=@OLD_TIME_ZONE */;

/*!40101 SET SQL_MODE=@OLD_SQL_MODE */;
/*!40014 SET FOREIGN_KEY_CHECKS=@OLD_FOREIGN_KEY_CHECKS */;
/*!40014 SET UNIQUE_CHECKS=@OLD_UNIQUE_CHECKS */;
/*!40101 SET CHARACTER_SET_CLIENT=@OLD_CHARACTER_SET_CLIENT */;
/*!40101 SET CHARACTER_SET_RESULTS=@OLD_CHARACTER_SET_RESULTS */;
/*!40101 SET COLLATION_CONNECTION=@OLD_COLLATION_CONNECTION */;
/*!40111 SET SQL_NOTES=@OLD_SQL_NOTES */;

-- Dump completed on 2021-04-10 10:21:42
